<metadata__catalog__entry>
  <version>5.2.0.0</version>
  <types class="tree-map">
    <entry>
      <org.mule.common.metadata.DefaultMetaDataKey>
        <id>getAllMatches</id>
        <displayName>getAllMatches</displayName>
        <category>DEFAULT</category>
        <metaDataKeyPropertiesManager>
          <properties>
            <org.mule.common.metadata.key.property.dsql.DsqlFromMetaDataKeyProperty/>
          </properties>
        </metaDataKeyPropertiesManager>
      </org.mule.common.metadata.DefaultMetaDataKey>
      <org.mule.common.metadata.DefaultXmlMetaDataModel>
        <dataType>XML</dataType>
        <metaDataModelPropertiesManager>
          <properties>
            <org.mule.common.metadata.property.TextBasedExampleMetaDataModelProperty/>
            <org.mule.common.metadata.property.xml.SchemaTypeMetaDataProperty>
              <typeQName>
                <namespaceURI>http://java.football.com/</namespaceURI>
                <localPart>getAllMatches</localPart>
                <prefix></prefix>
              </typeQName>
            </org.mule.common.metadata.property.xml.SchemaTypeMetaDataProperty>
            <org.mule.common.metadata.property.StructureIdentifierMetaDataModelProperty>
              <metaDataKey class="org.mule.common.metadata.DefaultMetaDataKey" reference="../../../../../org.mule.common.metadata.DefaultMetaDataKey"/>
              <derivedStructure>false</derivedStructure>
              <generatedStructure>false</generatedStructure>
            </org.mule.common.metadata.property.StructureIdentifierMetaDataModelProperty>
          </properties>
        </metaDataModelPropertiesManager>
        <fields/>
        <rootElement>
          <namespaceURI>http://java.football.com/</namespaceURI>
          <localPart>getAllMatches</localPart>
          <prefix>ns0</prefix>
        </rootElement>
        <schemas class="org.mule.common.metadata.StringBasedSchemaProvider">
          <schemas>
            <string>&lt;?xml version=&quot;1.0&quot; encoding=&quot;UTF-8&quot;?&gt;&lt;xs:schema xmlns:xs=&quot;http://www.w3.org/2001/XMLSchema&quot; xmlns:ns1=&quot;http://schemas.xmlsoap.org/soap/http&quot; xmlns:soap=&quot;http://schemas.xmlsoap.org/wsdl/soap/&quot; xmlns:tns=&quot;http://java.football.com/&quot; xmlns:wsdl=&quot;http://schemas.xmlsoap.org/wsdl/&quot; xmlns:xsd=&quot;http://www.w3.org/2001/XMLSchema&quot; elementFormDefault=&quot;unqualified&quot; targetNamespace=&quot;http://java.football.com/&quot; version=&quot;1.0&quot;&gt;&#xd;
&#xd;
  &lt;xs:element name=&quot;getAllMatches&quot; type=&quot;tns:getAllMatches&quot;/&gt;&#xd;
&#xd;
  &lt;xs:element name=&quot;getAllMatchesResponse&quot; type=&quot;tns:getAllMatchesResponse&quot;/&gt;&#xd;
&#xd;
  &lt;xs:element name=&quot;getMatches&quot; type=&quot;tns:getMatches&quot;/&gt;&#xd;
&#xd;
  &lt;xs:element name=&quot;getMatchesResponse&quot; type=&quot;tns:getMatchesResponse&quot;/&gt;&#xd;
&#xd;
  &lt;xs:complexType name=&quot;getAllMatches&quot;&gt;&#xd;
    &lt;xs:sequence/&gt;&#xd;
  &lt;/xs:complexType&gt;&#xd;
&#xd;
  &lt;xs:complexType name=&quot;getAllMatchesResponse&quot;&gt;&#xd;
    &lt;xs:sequence&gt;&#xd;
      &lt;xs:element minOccurs=&quot;0&quot; name=&quot;return&quot; type=&quot;xs:string&quot;/&gt;&#xd;
    &lt;/xs:sequence&gt;&#xd;
  &lt;/xs:complexType&gt;&#xd;
&#xd;
  &lt;xs:complexType name=&quot;getMatches&quot;&gt;&#xd;
    &lt;xs:sequence&gt;&#xd;
      &lt;xs:element minOccurs=&quot;0&quot; name=&quot;arg0&quot; type=&quot;xs:string&quot;/&gt;&#xd;
    &lt;/xs:sequence&gt;&#xd;
  &lt;/xs:complexType&gt;&#xd;
&#xd;
  &lt;xs:complexType name=&quot;getMatchesResponse&quot;&gt;&#xd;
    &lt;xs:sequence&gt;&#xd;
      &lt;xs:element minOccurs=&quot;0&quot; name=&quot;return&quot; type=&quot;xs:string&quot;/&gt;&#xd;
    &lt;/xs:sequence&gt;&#xd;
  &lt;/xs:complexType&gt;&#xd;
&#xd;
&lt;/xs:schema&gt;</string>
          </schemas>
          <encoding>windows-1252</encoding>
          <baseUri>http://localhost:8081/soap?wsdl</baseUri>
        </schemas>
        <namespaceManager>
          <namespacePrefix class="tree-map">
            <entry>
              <string>http://java.football.com/</string>
              <string>ns0</string>
            </entry>
          </namespacePrefix>
        </namespaceManager>
      </org.mule.common.metadata.DefaultXmlMetaDataModel>
    </entry>
    <entry>
      <org.mule.common.metadata.DefaultMetaDataKey>
        <id>getAllMatchesResponse</id>
        <displayName>getAllMatchesResponse</displayName>
        <category>DEFAULT</category>
        <metaDataKeyPropertiesManager>
          <properties>
            <org.mule.common.metadata.key.property.dsql.DsqlFromMetaDataKeyProperty/>
          </properties>
        </metaDataKeyPropertiesManager>
      </org.mule.common.metadata.DefaultMetaDataKey>
      <org.mule.common.metadata.DefaultXmlMetaDataModel>
        <dataType>XML</dataType>
        <metaDataModelPropertiesManager>
          <properties>
            <org.mule.common.metadata.property.TextBasedExampleMetaDataModelProperty/>
            <org.mule.common.metadata.property.xml.SchemaTypeMetaDataProperty>
              <typeQName>
                <namespaceURI>http://java.football.com/</namespaceURI>
                <localPart>getAllMatchesResponse</localPart>
                <prefix></prefix>
              </typeQName>
            </org.mule.common.metadata.property.xml.SchemaTypeMetaDataProperty>
            <org.mule.common.metadata.property.StructureIdentifierMetaDataModelProperty>
              <metaDataKey class="org.mule.common.metadata.DefaultMetaDataKey" reference="../../../../../org.mule.common.metadata.DefaultMetaDataKey"/>
              <derivedStructure>false</derivedStructure>
              <generatedStructure>false</generatedStructure>
            </org.mule.common.metadata.property.StructureIdentifierMetaDataModelProperty>
          </properties>
        </metaDataModelPropertiesManager>
        <fields>
          <org.mule.common.metadata.DefaultMetaDataField>
            <name>return</name>
            <model class="org.mule.common.metadata.DefaultSimpleMetaDataModel">
              <dataType>STRING</dataType>
              <metaDataModelPropertiesManager>
                <properties>
                  <org.mule.common.metadata.property.xml.SchemaTypeMetaDataProperty>
                    <typeQName>
                      <namespaceURI>http://www.w3.org/2001/XMLSchema</namespaceURI>
                      <localPart>string</localPart>
                      <prefix></prefix>
                    </typeQName>
                  </org.mule.common.metadata.property.xml.SchemaTypeMetaDataProperty>
                </properties>
              </metaDataModelPropertiesManager>
            </model>
            <accessType>READ_WRITE</accessType>
            <metaDataFieldPropertyManager>
              <properties>
                <org.mule.common.metadata.property.QNameMetaDataProperty>
                  <name>
                    <namespaceURI></namespaceURI>
                    <localPart>return</localPart>
                    <prefix></prefix>
                  </name>
                </org.mule.common.metadata.property.QNameMetaDataProperty>
              </properties>
            </metaDataFieldPropertyManager>
          </org.mule.common.metadata.DefaultMetaDataField>
        </fields>
        <rootElement>
          <namespaceURI>http://java.football.com/</namespaceURI>
          <localPart>getAllMatchesResponse</localPart>
          <prefix>ns0</prefix>
        </rootElement>
        <schemas class="org.mule.common.metadata.StringBasedSchemaProvider">
          <schemas>
            <string>&lt;?xml version=&quot;1.0&quot; encoding=&quot;UTF-8&quot;?&gt;&lt;xs:schema xmlns:xs=&quot;http://www.w3.org/2001/XMLSchema&quot; xmlns:ns1=&quot;http://schemas.xmlsoap.org/soap/http&quot; xmlns:soap=&quot;http://schemas.xmlsoap.org/wsdl/soap/&quot; xmlns:tns=&quot;http://java.football.com/&quot; xmlns:wsdl=&quot;http://schemas.xmlsoap.org/wsdl/&quot; xmlns:xsd=&quot;http://www.w3.org/2001/XMLSchema&quot; elementFormDefault=&quot;unqualified&quot; targetNamespace=&quot;http://java.football.com/&quot; version=&quot;1.0&quot;&gt;&#xd;
&#xd;
  &lt;xs:element name=&quot;getAllMatches&quot; type=&quot;tns:getAllMatches&quot;/&gt;&#xd;
&#xd;
  &lt;xs:element name=&quot;getAllMatchesResponse&quot; type=&quot;tns:getAllMatchesResponse&quot;/&gt;&#xd;
&#xd;
  &lt;xs:element name=&quot;getMatches&quot; type=&quot;tns:getMatches&quot;/&gt;&#xd;
&#xd;
  &lt;xs:element name=&quot;getMatchesResponse&quot; type=&quot;tns:getMatchesResponse&quot;/&gt;&#xd;
&#xd;
  &lt;xs:complexType name=&quot;getAllMatches&quot;&gt;&#xd;
    &lt;xs:sequence/&gt;&#xd;
  &lt;/xs:complexType&gt;&#xd;
&#xd;
  &lt;xs:complexType name=&quot;getAllMatchesResponse&quot;&gt;&#xd;
    &lt;xs:sequence&gt;&#xd;
      &lt;xs:element minOccurs=&quot;0&quot; name=&quot;return&quot; type=&quot;xs:string&quot;/&gt;&#xd;
    &lt;/xs:sequence&gt;&#xd;
  &lt;/xs:complexType&gt;&#xd;
&#xd;
  &lt;xs:complexType name=&quot;getMatches&quot;&gt;&#xd;
    &lt;xs:sequence&gt;&#xd;
      &lt;xs:element minOccurs=&quot;0&quot; name=&quot;arg0&quot; type=&quot;xs:string&quot;/&gt;&#xd;
    &lt;/xs:sequence&gt;&#xd;
  &lt;/xs:complexType&gt;&#xd;
&#xd;
  &lt;xs:complexType name=&quot;getMatchesResponse&quot;&gt;&#xd;
    &lt;xs:sequence&gt;&#xd;
      &lt;xs:element minOccurs=&quot;0&quot; name=&quot;return&quot; type=&quot;xs:string&quot;/&gt;&#xd;
    &lt;/xs:sequence&gt;&#xd;
  &lt;/xs:complexType&gt;&#xd;
&#xd;
&lt;/xs:schema&gt;</string>
          </schemas>
          <encoding reference="../../../../entry/org.mule.common.metadata.DefaultXmlMetaDataModel/schemas/encoding"/>
          <baseUri>http://localhost:8081/soap?wsdl</baseUri>
        </schemas>
        <namespaceManager>
          <namespacePrefix class="tree-map">
            <entry>
              <string>http://java.football.com/</string>
              <string>ns0</string>
            </entry>
          </namespacePrefix>
        </namespaceManager>
      </org.mule.common.metadata.DefaultXmlMetaDataModel>
    </entry>
  </types>
  <connectorName>Web_Service_Consumer</connectorName>
</metadata__catalog__entry>