<metadata__cache__entry>
  <version>5.2.0.0</version>
  <connectorName>american-http-request-config</connectorName>
  <metadataIo class="tree-map">
    <entry>
      <string>GET:/flights</string>
      <map>
        <entry>
          <string>__default__</string>
          <org.mule.tooling.metadata.cache.DefaultMetadataCacheEntry>
            <input class="org.mule.common.metadata.DefaultMetaData">
              <payload class="org.mule.common.metadata.DefaultUnknownMetaDataModel">
                <dataType>UNKNOWN</dataType>
                <metaDataModelPropertiesManager>
                  <properties/>
                </metaDataModelPropertiesManager>
              </payload>
              <properties class="tree-map">
                <entry>
                  <org.mule.common.metadata.MetaDataPropertyScope>FLOW</org.mule.common.metadata.MetaDataPropertyScope>
                  <org.mule.common.metadata.MetaDataProperties>
                    <fields class="sorted-set">
                      <comparator class="org.mule.common.metadata.MetaDataProperties$MetaDataFieldComparator"/>
                    </fields>
                  </org.mule.common.metadata.MetaDataProperties>
                </entry>
                <entry>
                  <org.mule.common.metadata.MetaDataPropertyScope>INBOUND</org.mule.common.metadata.MetaDataPropertyScope>
                  <org.mule.common.metadata.MetaDataProperties>
                    <fields class="sorted-set">
                      <comparator class="org.mule.common.metadata.MetaDataProperties$MetaDataFieldComparator"/>
                    </fields>
                  </org.mule.common.metadata.MetaDataProperties>
                </entry>
                <entry>
                  <org.mule.common.metadata.MetaDataPropertyScope>OUTBOUND</org.mule.common.metadata.MetaDataPropertyScope>
                  <org.mule.common.metadata.MetaDataProperties>
                    <fields class="sorted-set">
                      <comparator class="org.mule.common.metadata.MetaDataProperties$MetaDataFieldComparator"/>
                    </fields>
                  </org.mule.common.metadata.MetaDataProperties>
                </entry>
                <entry>
                  <org.mule.common.metadata.MetaDataPropertyScope>SESSION</org.mule.common.metadata.MetaDataPropertyScope>
                  <org.mule.common.metadata.MetaDataProperties>
                    <fields class="sorted-set">
                      <comparator class="org.mule.common.metadata.MetaDataProperties$MetaDataFieldComparator"/>
                    </fields>
                  </org.mule.common.metadata.MetaDataProperties>
                </entry>
                <entry>
                  <org.mule.common.metadata.MetaDataPropertyScope>RECORD</org.mule.common.metadata.MetaDataPropertyScope>
                  <org.mule.common.metadata.MetaDataProperties>
                    <fields class="sorted-set">
                      <comparator class="org.mule.common.metadata.MetaDataProperties$MetaDataFieldComparator"/>
                    </fields>
                  </org.mule.common.metadata.MetaDataProperties>
                </entry>
              </properties>
            </input>
            <output class="org.mule.common.metadata.DefaultMetaData">
              <payload class="org.mule.common.metadata.DefaultUnknownMetaDataModel">
                <dataType>UNKNOWN</dataType>
                <metaDataModelPropertiesManager>
                  <properties>
                    <org.mule.common.metadata.property.TextBasedExampleMetaDataModelProperty>
                      <exampleContent>[
  {&quot;ID&quot;:1, &quot;code&quot;: &quot;ER38sd&quot;,&quot;price&quot;: 400, &quot;departureDate&quot;: &quot;2016/03/20&quot;, &quot;origin&quot;:                   &quot;MUA&quot;, &quot;destination&quot;: &quot;SFO&quot;, &quot;emptySeats&quot;: 0, &quot;plane&quot;: {&quot;type&quot;: &quot;Boeing 737&quot;,                      &quot;totalSeats&quot;: 150}}, {&quot;ID&quot;:2,&quot;code&quot;: &quot;ER45if&quot;, &quot;price&quot;: 345.99, &quot;departureDate&quot;:                   &quot;2016/02/11&quot;, &quot;origin&quot;: &quot;MUA&quot;, &quot;destination&quot;: &quot;LAX&quot;, &quot;emptySeats&quot;: 52, &quot;plane&quot;:                    {&quot;type&quot;: &quot;Boeing 777&quot;, &quot;totalSeats&quot;: 300}}
]
</exampleContent>
                    </org.mule.common.metadata.property.TextBasedExampleMetaDataModelProperty>
                    <org.mule.common.metadata.property.StructureIdentifierMetaDataModelProperty>
                      <metaDataKey class="org.mule.common.metadata.DefaultMetaDataKey">
                        <id>GET:/flights_response</id>
                        <displayName>GET:/flights_response</displayName>
                        <category>DEFAULT</category>
                        <metaDataKeyPropertiesManager>
                          <properties>
                            <org.mule.common.metadata.key.property.dsql.DsqlFromMetaDataKeyProperty/>
                          </properties>
                        </metaDataKeyPropertiesManager>
                      </metaDataKey>
                      <derivedStructure>false</derivedStructure>
                      <generatedStructure>false</generatedStructure>
                    </org.mule.common.metadata.property.StructureIdentifierMetaDataModelProperty>
                  </properties>
                </metaDataModelPropertiesManager>
              </payload>
              <properties class="tree-map">
                <entry>
                  <org.mule.common.metadata.MetaDataPropertyScope>FLOW</org.mule.common.metadata.MetaDataPropertyScope>
                  <org.mule.common.metadata.MetaDataProperties>
                    <fields class="sorted-set">
                      <comparator class="org.mule.common.metadata.MetaDataProperties$MetaDataFieldComparator"/>
                    </fields>
                  </org.mule.common.metadata.MetaDataProperties>
                </entry>
                <entry>
                  <org.mule.common.metadata.MetaDataPropertyScope>INBOUND</org.mule.common.metadata.MetaDataPropertyScope>
                  <org.mule.common.metadata.MetaDataProperties>
                    <fields class="sorted-set">
                      <comparator class="org.mule.common.metadata.MetaDataProperties$MetaDataFieldComparator"/>
                    </fields>
                  </org.mule.common.metadata.MetaDataProperties>
                </entry>
                <entry>
                  <org.mule.common.metadata.MetaDataPropertyScope>OUTBOUND</org.mule.common.metadata.MetaDataPropertyScope>
                  <org.mule.common.metadata.MetaDataProperties>
                    <fields class="sorted-set">
                      <comparator class="org.mule.common.metadata.MetaDataProperties$MetaDataFieldComparator"/>
                    </fields>
                  </org.mule.common.metadata.MetaDataProperties>
                </entry>
                <entry>
                  <org.mule.common.metadata.MetaDataPropertyScope>SESSION</org.mule.common.metadata.MetaDataPropertyScope>
                  <org.mule.common.metadata.MetaDataProperties>
                    <fields class="sorted-set">
                      <comparator class="org.mule.common.metadata.MetaDataProperties$MetaDataFieldComparator"/>
                    </fields>
                  </org.mule.common.metadata.MetaDataProperties>
                </entry>
                <entry>
                  <org.mule.common.metadata.MetaDataPropertyScope>RECORD</org.mule.common.metadata.MetaDataPropertyScope>
                  <org.mule.common.metadata.MetaDataProperties>
                    <fields class="sorted-set">
                      <comparator class="org.mule.common.metadata.MetaDataProperties$MetaDataFieldComparator"/>
                    </fields>
                  </org.mule.common.metadata.MetaDataProperties>
                </entry>
              </properties>
            </output>
          </org.mule.tooling.metadata.cache.DefaultMetadataCacheEntry>
        </entry>
      </map>
    </entry>
  </metadataIo>
</metadata__cache__entry>